component,current_latency_ms_per_token,current_fraction_of_token,roadmap_proposed_latency_ms_per_token,roadmap_proposed_kind,next_action
QK logits,573.9,0.12050646732739796,40.686670769230766,RTL-simulated v0.1 at HEAD_DIM=64; burst/FIFO v0.2 can improve further,Separate scale plane; 16-vector bursts; K/scale FIFOs; double buffering
softmax,617.4,0.12964051738619184,20.0,Analytical streaming estimate; 8.47 ms three-pass raw lower bound,Streaming max/exp/sum/normalize block after QK/AV interface freezes
attention-weighted V,1035.0,0.21732739795061315,50.85833846153846,Analytical 16-lane streaming AV estimate with 25% margin,Next distinct RTL block: INT4 V streamer plus 16-lane AV MAC
paging/cache movement,645.7,0.13558289937846466,352.2,Measured repository no-flush paging result,Persistent CDMA path; remove reset/cache-flush overhead
normalization/quantization,505.4,0.10612296321182597,21.4,Measured fabric NQF sum from operator budget,Use existing fabric normalizer in the token path
QK-norm/RoPE/quantize,401.8,0.08436922560053756,401.8,No v0.2 change proposed in this analysis,Profile after attention path; preserve per-token scales
MLP activation,368.5,0.07737695279690912,368.5,No v0.2 change proposed in this analysis,Profile after attention and paging improvements
ternary projections,345.9,0.07263144632958173,345.9,No v0.2 change proposed in this analysis,Weight-page reuse/caching rather than more MAC lanes
KV write/bit-slice,268.7,0.056421132202250965,268.7,Hold current budget until an INT4 write quantizer is measured,Replace bit-slice writer with row-major INT4 K/V producer
