synthetic_distribution,context_len,head_dim,trials,seed,configuration,kv_bits,scale_format,granularity,group_size,normalized_qk_logit_rmse,attention_output_relative_rmse,attention_output_cosine,normalized_logit_bias,normalized_attention_output_bias,k_relative_rmse,v_relative_rmse,quant_only_qk_logit_rmse,quant_only_attention_output_rmse,scale_only_qk_logit_rmse,scale_only_attention_output_rmse,scale_only_k_rmse,scale_only_v_rmse,payload_bytes_per_k_or_v_token,metadata_bytes_per_k_or_v_token,total_bytes_per_k_or_v_token,kv_pair_bytes_per_token,effective_bits_per_value
gaussian,128,64,32,283307183,FP_reference,FP,none,none,64,0.0,0.0,1.0,0.0,0.0,0.0,0.0,0.0,0.0,0.0,0.0,0.0,0.0,128.0,0.0,128.0,256.0,16.0
gaussian,128,64,32,283307183,Q8_FP_KV,FP,none,none,64,0.0056284960731337276,0.005174651050380224,0.9999870461795762,-7.948319678337648e-05,0.00012761753613740995,0.0,0.0,0.0056284960731337276,0.005174651050380224,0.0,0.0,0.0,0.0,128.0,0.0,128.0,256.0,16.0
gaussian,128,64,32,283307183,Q8_KV8,8,FP16,token64,64,0.008077768612722204,0.00936611317680914,0.9999560249765809,5.1237841608738305e-05,-0.00014749111107394098,0.005941027026404823,0.005929342111587479,0.008073753317543004,0.009356127396571367,0.00021566713461791467,0.0004129059757782079,0.00021767398829626502,0.00021729843087092248,64.0,2.0,66.0,132.0,8.25
gaussian,128,64,32,283307183,Q8_KV5,5,FP16,token64,64,0.04980835006352945,0.06688888355184518,0.9977746671184187,0.00044970324853450155,-0.0001367063914954042,0.05024443351906765,0.050233140568673326,0.049810412025072984,0.06687047447874206,0.00020927102224163065,0.0004097842863183243,0.0002106941913251467,0.00020754370400446882,40.0,2.0,42.0,84.0,5.25
gaussian,128,64,32,283307183,Q8_KV4,4,FP16,token64,64,0.10654532287923403,0.1527837173371472,0.9885436006164356,-0.0005487854528482146,-0.0026540880415329765,0.10757303806315593,0.1077106997493102,0.10654364078806419,0.15279324529827598,0.0001952921934814022,0.00035883687141025447,0.00019675676756460343,0.0001922440321733399,32.0,2.0,34.0,68.0,4.25
gaussian,128,64,32,283307183,Q8_KV3,3,FP16,token64,64,0.24850218400854115,0.3499132988806214,0.9432967614534596,-0.0011818466566458886,0.0069229345493063,0.2510559649239539,0.25079603773554693,0.24849794385940185,0.3499432808292368,0.00018624585380643333,0.0003820774513151304,0.00018571210813579376,0.00018726451234176282,24.0,2.0,26.0,52.0,3.25
gaussian,256,64,32,2740101576,FP_reference,FP,none,none,64,0.0,0.0,1.0,0.0,0.0,0.0,0.0,0.0,0.0,0.0,0.0,0.0,0.0,128.0,0.0,128.0,256.0,16.0
gaussian,256,64,32,2740101576,Q8_FP_KV,FP,none,none,64,0.00599488759294404,0.005826717201468335,0.9999828249170304,9.243264591648477e-05,5.957637007074068e-05,0.0,0.0,0.00599488759294404,0.005826717201468335,0.0,0.0,0.0,0.0,128.0,0.0,128.0,256.0,16.0
gaussian,256,64,32,2740101576,Q8_KV8,8,FP16,token64,64,0.008465658769307641,0.010479123092384968,0.9999465557451854,0.0001716047387571197,0.00025313748437670624,0.005926139874018807,0.005941553687878422,0.008461504837764275,0.010463671457663607,0.00021776850014642283,0.0004705037660056449,0.00022003640912769822,0.0002189930664213207,64.0,2.0,66.0,132.0,8.25
gaussian,256,64,32,2740101576,Q8_KV5,5,FP16,token64,64,0.05062127167467073,0.06953143390187043,0.9975219699390248,-2.1938908311977514e-05,-0.0013852167692487102,0.0501133008795149,0.0503125093734212,0.05062044640670769,0.06952875791254066,0.0002067461624702102,0.0004325262258767223,0.0002085953349564219,0.00020836764371919467,40.0,2.0,42.0,84.0,5.25
gaussian,256,64,32,2740101576,Q8_KV4,4,FP16,token64,64,0.10767969006054955,0.1476026222321965,0.9890038261546175,0.0014399322800080154,0.0013006485284215068,0.1073050162923254,0.1077313116220017,0.10768106408309389,0.14758181780697208,0.00019422963018440154,0.0004215773719503084,0.00019699444649340071,0.00019483609854779372,32.0,2.0,34.0,68.0,4.25
gaussian,256,64,32,2740101576,Q8_KV3,3,FP16,token64,64,0.25418165870537746,0.3599461013398142,0.9393079021686209,0.0008040735719034788,0.0073185337674011005,0.2506415961939385,0.25166005819699794,0.25418126411998015,0.35994433229632655,0.00018821782869594752,0.0004157708237299154,0.00018642794371330503,0.0001866857449274191,24.0,2.0,26.0,52.0,3.25
gaussian,512,64,16,1624174056,FP_reference,FP,none,none,64,0.0,0.0,1.0,0.0,0.0,0.0,0.0,0.0,0.0,0.0,0.0,0.0,0.0,128.0,0.0,128.0,256.0,16.0
gaussian,512,64,16,1624174056,Q8_FP_KV,FP,none,none,64,0.005908031197765403,0.0060745393354042975,0.9999823777646364,-1.8136944242394147e-05,-6.023509092090135e-05,0.0,0.0,0.005908031197765403,0.0060745393354042975,0.0,0.0,0.0,0.0,128.0,0.0,128.0,256.0,16.0
gaussian,512,64,16,1624174056,Q8_KV8,8,FP16,token64,64,0.008308060901878262,0.010295330957759485,0.9999466569516673,-1.4092597214430688e-05,-0.00013156854158582202,0.005920849850752895,0.005943349258980566,0.008301041296393644,0.010333471654821723,0.00021951216446837302,0.00046830834204666336,0.0002201371544895039,0.00021788338067279435,64.0,2.0,66.0,132.0,8.25
gaussian,512,64,16,1624174056,Q8_KV5,5,FP16,token64,64,0.050128976169169386,0.07356134951374149,0.9972813060746646,0.00015144544852421576,-0.0038224489073365,0.0501194795653,0.05028748787969806,0.05012382745770814,0.07356126353180978,0.00020662144570466308,0.0004662584875931215,0.00020838586983039134,0.00020963119846973834,40.0,2.0,42.0,84.0,5.25
gaussian,512,64,16,1624174056,Q8_KV4,4,FP16,token64,64,0.10712680732644993,0.14978089473314463,0.9889657755930292,5.338113083453043e-05,0.005529459605532431,0.10750499956528993,0.10776111937871637,0.10712524781404431,0.14975392457556336,0.00019634603536375597,0.0004271267384331535,0.00019756602015095015,0.00019416161117367437,32.0,2.0,34.0,68.0,4.25
gaussian,512,64,16,1624174056,Q8_KV3,3,FP16,token64,64,0.2449776316861724,0.3728014687438153,0.9384959924649772,-0.00014717759145097586,-0.026733577815346642,0.2507884543299194,0.25149434619025496,0.24497378011352028,0.37274758704266236,0.0001808951043676396,0.00039486793351021376,0.0001829062250456089,0.0001835067973994578,24.0,2.0,26.0,52.0,3.25
gaussian,1024,64,8,672687743,FP_reference,FP,none,none,64,0.0,0.0,1.0,0.0,0.0,0.0,0.0,0.0,0.0,0.0,0.0,0.0,0.0,128.0,0.0,128.0,256.0,16.0
gaussian,1024,64,8,672687743,Q8_FP_KV,FP,none,none,64,0.006920942708261674,0.006570537232235806,0.9999780152833002,7.525443071534082e-05,-2.4571551752259247e-05,0.0,0.0,0.006920942708261674,0.006570537232235806,0.0,0.0,0.0,0.0,128.0,0.0,128.0,256.0,16.0
gaussian,1024,64,8,672687743,Q8_KV8,8,FP16,token64,64,0.009128226259926852,0.010469678011980914,0.9999446269770997,9.510073221520831e-05,-0.00032677034735867057,0.00592610347955073,0.0059211816264521915,0.009125848123724349,0.010480899154216928,0.0002183688057238864,0.0004982290119301457,0.0002192492506529918,0.00021857714243012042,64.0,2.0,66.0,132.0,8.25
gaussian,1024,64,8,672687743,Q8_KV5,5,FP16,token64,64,0.05114459427048021,0.07115423308807554,0.99746530276607,-0.0005665904187531494,-0.0021867353220519897,0.050200807096956436,0.05003261144134637,0.05114256193827816,0.07112803181968183,0.00020833086131249185,0.00046267735844973543,0.0002078425120327232,0.00021186665814187114,40.0,2.0,42.0,84.0,5.25
gaussian,1024,64,8,672687743,Q8_KV4,4,FP16,token64,64,0.10794142334521034,0.15937702144913546,0.9875843843923524,-0.0003553050557565684,-0.0053454682486221115,0.10747499489642055,0.10732311260776436,0.10794563362985288,0.15936286855396664,0.00019698711977659275,0.0004472677951823941,0.00019563486780009034,0.0001971153593870473,32.0,2.0,34.0,68.0,4.25
gaussian,1024,64,8,672687743,Q8_KV3,3,FP16,token64,64,0.2532242303018804,0.37086767987460006,0.9415612023609101,-0.001767787935043265,-0.002144067403770063,0.25114420277126676,0.2503050816722709,0.2532265890386974,0.370863399284662,0.00018937426278312455,0.0004336170769046349,0.00018751561801572092,0.00018455176775519007,24.0,2.0,26.0,52.0,3.25
gaussian,2048,64,4,2949969645,FP_reference,FP,none,none,64,0.0,0.0,1.0,0.0,0.0,0.0,0.0,0.0,0.0,0.0,0.0,0.0,0.0,128.0,0.0,128.0,256.0,16.0
gaussian,2048,64,4,2949969645,Q8_FP_KV,FP,none,none,64,0.005685961265563682,0.005321092092922377,0.9999863168467076,-4.598204531186222e-05,0.0004442095819966536,0.0,0.0,0.005685961265563682,0.005321092092922377,0.0,0.0,0.0,0.0,128.0,0.0,128.0,256.0,16.0
gaussian,2048,64,4,2949969645,Q8_KV8,8,FP16,token64,64,0.008210328685848369,0.010096647143206535,0.9999495226287398,2.540263850193604e-05,0.0009163393787069725,0.005921881162243044,0.005911957430376326,0.008205314194856234,0.010027373233578987,0.0002177401166149479,0.0004568797375555653,0.00021939417267592993,0.0002206837893716212,64.0,2.0,66.0,132.0,8.25
gaussian,2048,64,4,2949969645,Q8_KV5,5,FP16,token64,64,0.05035569356197916,0.0699979362600907,0.9975055328330229,-0.0001246479618943769,0.001492992313574438,0.05011181708866048,0.050016713874538245,0.05036101749002222,0.07002752448998506,0.00020778484053607206,0.0004176285358242172,0.00020715469264401005,0.000207692335741173,40.0,2.0,42.0,84.0,5.25
gaussian,2048,64,4,2949969645,Q8_KV4,4,FP16,token64,64,0.10717071175419583,0.13848289892416485,0.9908614857051503,0.0018904642105739354,0.010247868581062254,0.10749752376508909,0.1072774639963846,0.10717268412099391,0.13848883280089466,0.00019810187754304879,0.00045456103501520994,0.00019626723866158425,0.00019573248314593166,32.0,2.0,34.0,68.0,4.25
gaussian,2048,64,4,2949969645,Q8_KV3,3,FP16,token64,64,0.2514337525980388,0.32915316331562133,0.9487574067773727,0.0004176630661819338,0.007505533345483314,0.2510963297339082,0.25055449762248305,0.251435707264066,0.32916227889747285,0.0001868308909734776,0.00044748574119631956,0.00018661356582054894,0.0001858792669469584,24.0,2.0,26.0,52.0,3.25
gaussian,4096,64,4,2313326171,FP_reference,FP,none,none,64,0.0,0.0,1.0,0.0,0.0,0.0,0.0,0.0,0.0,0.0,0.0,0.0,0.0,128.0,0.0,128.0,256.0,16.0
gaussian,4096,64,4,2313326171,Q8_FP_KV,FP,none,none,64,0.006407517260313916,0.0069704265019426975,0.9999765011683394,7.924180133039594e-06,-0.0002973006223816819,0.0,0.0,0.006407517260313916,0.0069704265019426975,0.0,0.0,0.0,0.0,128.0,0.0,128.0,256.0,16.0
gaussian,4096,64,4,2313326171,Q8_KV8,8,FP16,token64,64,0.008718004686058045,0.012970001191933042,0.9999178228280355,5.2059791052333986e-05,-0.0006412854228308655,0.005949284841588555,0.0059400810099981775,0.00871630465591917,0.012978766860668369,0.0002192060871797784,0.0005764454029855763,0.00021866366650259353,0.00021817044982695006,64.0,2.0,66.0,132.0,8.25
gaussian,4096,64,4,2313326171,Q8_KV5,5,FP16,token64,64,0.05033869329039963,0.07691925433439173,0.9970387517361805,0.00018189006332365278,-0.0034494558543173956,0.05029700519082179,0.05029864422711675,0.05033737489035344,0.07696185837177301,0.00020685684876078109,0.0004924779915889694,0.00020724759857326387,0.00020745713614863542,40.0,2.0,42.0,84.0,5.25
gaussian,4096,64,4,2313326171,Q8_KV4,4,FP16,token64,64,0.10621183027973748,0.16861939360416253,0.9858444917586535,-0.0007788658614823705,0.010935897340119944,0.10782256226927248,0.10779786134160863,0.10621159066586007,0.16856523091221723,0.00019546551503858104,0.0005356883205662857,0.0001956866138219036,0.00019625916207087398,32.0,2.0,34.0,68.0,4.25
gaussian,4096,64,4,2313326171,Q8_KV3,3,FP16,token64,64,0.25150166944728414,0.38799517106244685,0.9415427190934513,0.004317865461235809,0.03610702528095416,0.25156335562104903,0.2515533938973729,0.25150296046918746,0.3879845684719839,0.0001851770610356004,0.0004740441007839894,0.0001852123237695981,0.00018474315111017162,24.0,2.0,26.0,52.0,3.25
laplace,128,64,32,4068743483,FP_reference,FP,none,none,64,0.0,0.0,1.0,0.0,0.0,0.0,0.0,0.0,0.0,0.0,0.0,0.0,0.0,128.0,0.0,128.0,256.0,16.0
laplace,128,64,32,4068743483,Q8_FP_KV,FP,none,none,64,0.007895279202627115,0.006915298756007001,0.9999763218575423,-0.00032954246366863083,0.00021439397303495595,0.0,0.0,0.007895279202627115,0.006915298756007001,0.0,0.0,0.0,0.0,128.0,0.0,128.0,256.0,16.0
laplace,128,64,32,4068743483,Q8_KV8,8,FP16,token64,64,0.011209600067277626,0.012496537881392746,0.9999205048374169,-0.00020249177588868106,0.00027468870985762796,0.007733387729392373,0.0077112607132405935,0.011208902720780737,0.012487712858948575,0.00019688254373274788,0.00043999409441431206,0.00019703751734976728,0.00019543921511773037,64.0,2.0,66.0,132.0,8.25
laplace,128,64,32,4068743483,Q8_KV5,5,FP16,token64,64,0.0660089529520329,0.08612449057311763,0.9963048212074759,-0.0007879461651496011,-0.0010836031380492747,0.06523455346653094,0.06522026062146485,0.06601605679241919,0.0861261635054579,0.00019138817446941775,0.0003906775038088877,0.0001942653265040114,0.00019422551466175277,40.0,2.0,42.0,84.0,5.25
laplace,128,64,32,4068743483,Q8_KV4,4,FP16,token64,64,0.14027970943186574,0.17833180145806518,0.9840392233966551,-0.003173280859749651,0.005462919497212074,0.139002076528743,0.13880225760189596,0.14028356313658663,0.17836929453397898,0.00020078932576735105,0.0004476226501348724,0.00020203367488464059,0.00020084047207659752,32.0,2.0,34.0,68.0,4.25
laplace,128,64,32,4068743483,Q8_KV3,3,FP16,token64,64,0.31963951094122045,0.4358939309870762,0.9134026618652722,0.0009375041554291653,0.002026305848877214,0.31230966030848406,0.3125810960917815,0.3196486009883512,0.4358899425898642,0.0002192652203838629,0.0005475377104488719,0.00021589062290070215,0.00021373187800332596,24.0,2.0,26.0,52.0,3.25
laplace,256,64,32,2713640311,FP_reference,FP,none,none,64,0.0,0.0,1.0,0.0,0.0,0.0,0.0,0.0,0.0,0.0,0.0,0.0,0.0,128.0,0.0,128.0,256.0,16.0
laplace,256,64,32,2713640311,Q8_FP_KV,FP,none,none,64,0.007365767731986788,0.006912066761699268,0.9999747989151813,-0.00010060392695525908,2.421347848121046e-05,0.0,0.0,0.007365767731986788,0.006912066761699268,0.0,0.0,0.0,0.0,128.0,0.0,128.0,256.0,16.0
laplace,256,64,32,2713640311,Q8_KV8,8,FP16,token64,64,0.010557415896477056,0.01268741291308373,0.9999150308297642,2.398789912345723e-05,0.00044787816698276065,0.007710829835943104,0.007730203537736605,0.010553982024677321,0.012647122705284949,0.0001931100696891601,0.0005786440231064009,0.00019483035883644903,0.0001967361576193182,64.0,2.0,66.0,132.0,8.25
laplace,256,64,32,2713640311,Q8_KV5,5,FP16,token64,64,0.06542597065436452,0.08772487439158584,0.9958443754428608,-6.891586056897609e-05,0.0006622815203261185,0.06524934842826988,0.06533691736542116,0.0654254562866572,0.0877501198297598,0.00019586822061306845,0.0005287784998900584,0.00019525379119088377,0.0001959292936443925,40.0,2.0,42.0,84.0,5.25
laplace,256,64,32,2713640311,Q8_KV4,4,FP16,token64,64,0.1377694155134121,0.19330437720216298,0.9808301969932598,0.0022559018107486907,-0.0006638577227951132,0.13892440966749975,0.13875383190530052,0.13777100772382675,0.19326104521487394,0.00020125421170338713,0.000440448887455526,0.0002007723526138026,0.0002003149026783843,32.0,2.0,34.0,68.0,4.25
laplace,256,64,32,2713640311,Q8_KV3,3,FP16,token64,64,0.31120513973004066,0.4614047010513708,0.9026852358932242,-0.0004085298443739063,-0.010148740826613706,0.31237130344084346,0.3123605619536431,0.3112077690759784,0.4614886016557109,0.00021598312799439524,0.0005270827969707426,0.0002160501146966541,0.00021456363771456304,24.0,2.0,26.0,52.0,3.25
laplace,512,64,16,262271521,FP_reference,FP,none,none,64,0.0,0.0,1.0,0.0,0.0,0.0,0.0,0.0,0.0,0.0,0.0,0.0,0.0,128.0,0.0,128.0,256.0,16.0
laplace,512,64,16,262271521,Q8_FP_KV,FP,none,none,64,0.007833752629139823,0.007177299041072013,0.9999750436100097,2.8231823580382516e-05,0.0002662862016905876,0.0,0.0,0.007833752629139823,0.007177299041072013,0.0,0.0,0.0,0.0,128.0,0.0,128.0,256.0,16.0
laplace,512,64,16,262271521,Q8_KV8,8,FP16,token64,64,0.010952661151592364,0.014290994737377478,0.9999041288839976,9.336718919710494e-05,0.0003998964191071353,0.007719547683083128,0.007728980683978775,0.010949705111747386,0.01427277899582156,0.00018953209235961655,0.0005140386593452246,0.00019349497625267175,0.00019643306224283082,64.0,2.0,66.0,132.0,8.25
laplace,512,64,16,262271521,Q8_KV5,5,FP16,token64,64,0.0663306749339793,0.09144936984600914,0.995834361440682,0.0003977460385264605,-0.004974797160855444,0.06516011355722158,0.06518473465391927,0.0663286526821065,0.09148543777811238,0.00019509457430292207,0.0005275399625805601,0.00019600197167719772,0.0001946552415093232,40.0,2.0,42.0,84.0,5.25
laplace,512,64,16,262271521,Q8_KV4,4,FP16,token64,64,0.1376692395303203,0.19754643377875336,0.9812762143357986,-0.000511187214678047,0.003203513375605904,0.1384678873228204,0.138558725229486,0.1376670443286965,0.19755502488887305,0.00020249539612169728,0.000524416733408525,0.00020091948335180618,0.00019858252608034478,32.0,2.0,34.0,68.0,4.25
laplace,512,64,16,262271521,Q8_KV3,3,FP16,token64,64,0.3154625192446848,0.47335031872578825,0.9047903169982717,-0.0008700202364725025,-0.030657182428866586,0.3120267263250673,0.3119266905679218,0.31546163196280663,0.47337098989165033,0.00021196504061021421,0.0005374734553624633,0.00021624261770769452,0.000217686718243432,24.0,2.0,26.0,52.0,3.25
laplace,1024,64,8,68742706,FP_reference,FP,none,none,64,0.0,0.0,1.0,0.0,0.0,0.0,0.0,0.0,0.0,0.0,0.0,0.0,0.0,128.0,0.0,128.0,256.0,16.0
laplace,1024,64,8,68742706,Q8_FP_KV,FP,none,none,64,0.007377630181242553,0.007377127223330019,0.9999733466888941,2.0362318887402208e-05,-0.0003039330944988684,0.0,0.0,0.007377630181242553,0.007377127223330019,0.0,0.0,0.0,0.0,128.0,0.0,128.0,256.0,16.0
laplace,1024,64,8,68742706,Q8_KV8,8,FP16,token64,64,0.010742835380202553,0.014228466169542828,0.9999004015079509,2.7692852034036856e-05,-0.000260119021418756,0.007681465220416794,0.007698435011428476,0.010740029705789838,0.014261832136649626,0.00019542488973352324,0.00046476959210860235,0.00019622834916836144,0.00019628810762387534,64.0,2.0,66.0,132.0,8.25
laplace,1024,64,8,68742706,Q8_KV5,5,FP16,token64,64,0.06654874149117739,0.10203404345481486,0.9949080116146733,0.0003617051807568008,0.005900100019917854,0.06485421285061069,0.06501210466617494,0.06654259865837708,0.10200599033274942,0.00019278347704720637,0.0005118938000896261,0.0001941231516019345,0.0001932207270318468,40.0,2.0,42.0,84.0,5.25
laplace,1024,64,8,68742706,Q8_KV4,4,FP16,token64,64,0.14178792605413348,0.19482758695918176,0.9815382667571582,-5.354808233316732e-05,-0.0009880636097226111,0.13827492500584865,0.13856702920496894,0.14178662079119023,0.19486317452419238,0.00020172983856223323,0.0004855912082358236,0.0002012622966878719,0.00019981303936347515,32.0,2.0,34.0,68.0,4.25
laplace,1024,64,8,68742706,Q8_KV3,3,FP16,token64,64,0.31782377357652525,0.47784579833010493,0.8961272413856849,-0.005152095083826082,0.011491981542605365,0.3113594887484264,0.31152606049757264,0.317825528297049,0.4777763715599146,0.00021791594855348942,0.0005964629345005925,0.0002168478823386065,0.00021255786800536652,24.0,2.0,26.0,52.0,3.25
laplace,2048,64,4,2585751733,FP_reference,FP,none,none,64,0.0,0.0,1.0,0.0,0.0,0.0,0.0,0.0,0.0,0.0,0.0,0.0,0.0,128.0,0.0,128.0,256.0,16.0
laplace,2048,64,4,2585751733,Q8_FP_KV,FP,none,none,64,0.006788690683828197,0.006888030094698087,0.9999763980422816,0.00011666921341740852,-0.00031686646830887666,0.0,0.0,0.006788690683828197,0.006888030094698087,0.0,0.0,0.0,0.0,128.0,0.0,128.0,256.0,16.0
laplace,2048,64,4,2585751733,Q8_KV8,8,FP16,token64,64,0.010260140956368785,0.012502995602229278,0.9999210737284586,-1.5088910960924218e-05,0.000749776801152183,0.007690392292651434,0.007684689695089384,0.010260871166580478,0.012503748160214836,0.00019257525978937006,0.00046256026946735613,0.00019223492542464065,0.00019458950242539293,64.0,2.0,66.0,132.0,8.25
laplace,2048,64,4,2585751733,Q8_KV5,5,FP16,token64,64,0.06596844885371309,0.10117853964577238,0.9949771772459153,0.001463997267523118,-0.00846114312937999,0.0649942187634698,0.06480593130069211,0.06596843248612687,0.1011606244803953,0.0001958099993670757,0.00043055551864201687,0.00019456199189875508,0.0001966402548049253,40.0,2.0,42.0,84.0,5.25
laplace,2048,64,4,2585751733,Q8_KV4,4,FP16,token64,64,0.14168797284685425,0.18916732160506794,0.9817291706212876,-0.0010872944569422496,-0.005520242259269759,0.1384331758555417,0.13823526507381897,0.1416829855733397,0.18916249060631027,0.00020330417173103154,0.00044623898858799115,0.00019916534076330034,0.00020018317119115342,32.0,2.0,34.0,68.0,4.25
laplace,2048,64,4,2585751733,Q8_KV3,3,FP16,token64,64,0.31068972314821064,0.4247409355324171,0.9171074354410758,0.003933765804794605,0.011064535330847884,0.31110964495001303,0.31081241071908744,0.31068733114718666,0.4247209687268358,0.0002184668630701994,0.0005143273507100726,0.00021743199008194888,0.00021499768227772602,24.0,2.0,26.0,52.0,3.25
laplace,4096,64,4,3936203934,FP_reference,FP,none,none,64,0.0,0.0,1.0,0.0,0.0,0.0,0.0,0.0,0.0,0.0,0.0,0.0,0.0,128.0,0.0,128.0,256.0,16.0
laplace,4096,64,4,3936203934,Q8_FP_KV,FP,none,none,64,0.008008669711136545,0.007826558273669309,0.9999702227433113,2.4559292684740874e-05,0.00021100009023233653,0.0,0.0,0.008008669711136545,0.007826558273669309,0.0,0.0,0.0,0.0,128.0,0.0,128.0,256.0,16.0
laplace,4096,64,4,3936203934,Q8_KV8,8,FP16,token64,64,0.011192777054190244,0.014271578016524209,0.9998992658094417,3.8296176029072206e-05,-0.0003146948963576148,0.007683075544427609,0.007724052093056194,0.011190225413496983,0.01428013631769543,0.00019516924022990753,0.0004571046307736603,0.00019462721815667123,0.0001967000495692126,64.0,2.0,66.0,132.0,8.25
laplace,4096,64,4,3936203934,Q8_KV5,5,FP16,token64,64,0.06612902242300533,0.08764840189302749,0.9962045290875651,-0.00041957655997507,0.006800138479960863,0.06493667354904437,0.06526687927077852,0.0661278291195253,0.08760671577868596,0.00019463179181890335,0.00044439132273140305,0.00019665702676910997,0.0001968427170544275,40.0,2.0,42.0,84.0,5.25
laplace,4096,64,4,3936203934,Q8_KV4,4,FP16,token64,64,0.14055319766419777,0.19960626884095342,0.9800291792767188,-0.00013165323579877045,-0.008939183014783228,0.1382530202047443,0.13897929702990894,0.14055184614401237,0.19956877844189688,0.00019985261388555793,0.0005199281860666724,0.0001994932506694321,0.00020076791233536066,32.0,2.0,34.0,68.0,4.25
laplace,4096,64,4,3936203934,Q8_KV3,3,FP16,token64,64,0.31447160343272196,0.4947931452367571,0.8982591902909725,0.0027669735046311904,0.04578884405975939,0.3112393078534217,0.31227644520235864,0.3144706596718069,0.49481936034567836,0.00021803024096433518,0.0005482897942291137,0.00021616969946015302,0.0002168812215057784,24.0,2.0,26.0,52.0,3.25
student_t_df3,128,64,32,2994312498,FP_reference,FP,none,none,64,0.0,0.0,1.0,0.0,0.0,0.0,0.0,0.0,0.0,0.0,0.0,0.0,0.0,128.0,0.0,128.0,256.0,16.0
student_t_df3,128,64,32,2994312498,Q8_FP_KV,FP,none,none,64,0.008636913047638792,0.008124136705640807,0.9999704152053404,8.779431167854972e-05,0.00036225930342945276,0.0,0.0,0.008636913047638792,0.008124136705640807,0.0,0.0,0.0,0.0,128.0,0.0,128.0,256.0,16.0
student_t_df3,128,64,32,2994312498,Q8_KV8,8,FP16,token64,64,0.01263528129885387,0.01484448996249619,0.999891717611922,0.00017177293863997976,0.0001760691966039155,0.009218384626326319,0.00927987177613089,0.012635774659232732,0.014844699115035255,0.00020415601447798553,0.00046518119539052115,0.00020453623754670776,0.00020412497481245068,64.0,2.0,66.0,132.0,8.25
student_t_df3,128,64,32,2994312498,Q8_KV5,5,FP16,token64,64,0.07965762070266609,0.10681002227039144,0.9942958005411702,-0.0025511232351611434,0.00025413469850012936,0.07786629328114343,0.0784432449686103,0.07965652897308309,0.10683129703642863,0.00020659099487608544,0.00043893712455993873,0.00020343135804494735,0.00020600353397545962,40.0,2.0,42.0,84.0,5.25
student_t_df3,128,64,32,2994312498,Q8_KV4,4,FP16,token64,64,0.16420526048304218,0.22999261234419927,0.9746839745560695,-0.002700313312388244,-0.00015355598991706454,0.16493842840812872,0.16594622935201025,0.16420374331014673,0.22997161179169406,0.00020351968768533114,0.0004495493855121572,0.00020608394365405472,0.00020457254476965783,32.0,2.0,34.0,68.0,4.25
student_t_df3,128,64,32,2994312498,Q8_KV3,3,FP16,token64,64,0.3557998364549618,0.5184281723495167,0.8875033298192514,-0.00022406701116597631,-0.0025042063994362568,0.35822244796276986,0.359277954641288,0.35579734110664357,0.5183638845374108,0.00020626808437567345,0.00046718251729293355,0.00020959537152743284,0.00021254056045820534,24.0,2.0,26.0,52.0,3.25
student_t_df3,256,64,32,1512390611,FP_reference,FP,none,none,64,0.0,0.0,1.0,0.0,0.0,0.0,0.0,0.0,0.0,0.0,0.0,0.0,0.0,128.0,0.0,128.0,256.0,16.0
student_t_df3,256,64,32,1512390611,Q8_FP_KV,FP,none,none,64,0.009330418667157815,0.007128945550894892,0.9999627547839308,0.0001773491789891891,0.00012118926763752493,0.0,0.0,0.009330418667157815,0.007128945550894892,0.0,0.0,0.0,0.0,128.0,0.0,128.0,256.0,16.0
student_t_df3,256,64,32,1512390611,Q8_KV8,8,FP16,token64,64,0.01284665134762168,0.012318140444785047,0.9998961177987599,0.00017729032127205795,-2.6514003365900326e-05,0.009209991190035282,0.009207918586366225,0.012843157349268868,0.012301505909515087,0.00019911381981193088,0.0005040224851945468,0.0002007833394068063,0.00020129527982068145,64.0,2.0,66.0,132.0,8.25
student_t_df3,256,64,32,1512390611,Q8_KV5,5,FP16,token64,64,0.07727375763372905,0.10468002952817203,0.9944095031392027,0.0013872003318519115,-0.003215402337499349,0.07762026106567779,0.07791151444322769,0.07727455733983098,0.10426706925818552,0.00020215153859198307,0.0009150575097240087,0.00020251413878500236,0.0002031446712993768,40.0,2.0,42.0,84.0,5.25
student_t_df3,256,64,32,1512390611,Q8_KV4,4,FP16,token64,64,0.1635370232407445,0.20789127344429734,0.976088992822763,-0.003340552220720348,0.00015852548810959876,0.16476108332126457,0.16532414140376792,0.16354106399413842,0.20807015569059084,0.00020558655853512926,0.0007572302075668084,0.00020446783313007942,0.00020625604920788715,32.0,2.0,34.0,68.0,4.25
student_t_df3,256,64,32,1512390611,Q8_KV3,3,FP16,token64,64,0.35264995806110133,0.45342762438810263,0.8838882109763364,-0.004364352893321305,0.002083689320704479,0.3574596739065083,0.35915855288027143,0.35264885830268355,0.45345918208006947,0.00021022977523874615,0.00048340133933016423,0.00021086384127158705,0.00021103840716821015,24.0,2.0,26.0,52.0,3.25
student_t_df3,512,64,16,4244135126,FP_reference,FP,none,none,64,0.0,0.0,1.0,0.0,0.0,0.0,0.0,0.0,0.0,0.0,0.0,0.0,0.0,128.0,0.0,128.0,256.0,16.0
student_t_df3,512,64,16,4244135126,Q8_FP_KV,FP,none,none,64,0.009561946870152587,0.0066104116233946545,0.9999652664551063,-3.2054714172651615e-05,8.434322525066125e-05,0.0,0.0,0.009561946870152587,0.0066104116233946545,0.0,0.0,0.0,0.0,128.0,0.0,128.0,256.0,16.0
student_t_df3,512,64,16,4244135126,Q8_KV8,8,FP16,token64,64,0.0134237506830881,0.012485923751017848,0.9998857698572818,-9.958622245298748e-06,0.0002363164024314681,0.009230564364422298,0.009186098143589425,0.013423032301878732,0.01247917311185951,0.0002009237372553946,0.000514233222009303,0.00020070061858867768,0.0002016216139299561,64.0,2.0,66.0,132.0,8.25
student_t_df3,512,64,16,4244135126,Q8_KV5,5,FP16,token64,64,0.07909175534604475,0.0996998033462359,0.9937645902247283,0.0003831829750852836,0.00427255082480489,0.07803162899886382,0.0775769315151459,0.07908925519779636,0.10003601781028283,0.0002061312644360549,0.0009210320663016548,0.00020422276145975565,0.00020362243495592776,40.0,2.0,42.0,84.0,5.25
student_t_df3,512,64,16,4244135126,Q8_KV4,4,FP16,token64,64,0.16818812919602683,0.19246285714077524,0.9732179849940197,-0.003466977159378671,-0.008566908623935223,0.16549335728828246,0.1645156805520446,0.1681875161709779,0.19243895726537882,0.00020272012709637952,0.0005836040301994581,0.00020539304284306908,0.00020458894370110024,32.0,2.0,34.0,68.0,4.25
student_t_df3,512,64,16,4244135126,Q8_KV3,3,FP16,token64,64,0.36223472136313445,0.43127319856076757,0.8870368872670165,0.006606941301679492,0.0022543608844697353,0.3587544123978992,0.3571678157850048,0.36223220325612326,0.4313765376595154,0.0002158437354417673,0.0006928662276918671,0.00021336624675829624,0.0002099112016685428,24.0,2.0,26.0,52.0,3.25
student_t_df3,1024,64,8,635416609,FP_reference,FP,none,none,64,0.0,0.0,1.0,0.0,0.0,0.0,0.0,0.0,0.0,0.0,0.0,0.0,0.0,128.0,0.0,128.0,256.0,16.0
student_t_df3,1024,64,8,635416609,Q8_FP_KV,FP,none,none,64,0.00888606936663811,0.00892533324352755,0.99996775255597,-0.00016493924574657694,0.000663210513575364,0.0,0.0,0.00888606936663811,0.00892533324352755,0.0,0.0,0.0,0.0,128.0,0.0,128.0,256.0,16.0
student_t_df3,1024,64,8,635416609,Q8_KV8,8,FP16,token64,64,0.012713957638785675,0.015680262263889296,0.9998893687691832,-0.0002180965669337022,0.0006665302367486615,0.009228990265101066,0.00927228626611173,0.012710705803368316,0.015814105289763836,0.00020390850400573782,0.0006063305538117097,0.0002018478894739245,0.00020031817381520773,64.0,2.0,66.0,132.0,8.25
student_t_df3,1024,64,8,635416609,Q8_KV5,5,FP16,token64,64,0.07903432271117525,0.11180433990781899,0.9943548035213783,0.0009397861143522964,-0.0007538451500064209,0.07788364186277125,0.07824030698352019,0.07903151426687541,0.11173100078049722,0.00020339227302256584,0.0004885073321556773,0.000205188232789462,0.00020611979428271444,40.0,2.0,42.0,84.0,5.25
student_t_df3,1024,64,8,635416609,Q8_KV4,4,FP16,token64,64,0.1661842467454146,0.2275445088513278,0.9760944103016558,0.0008249420915560874,-0.010940716791271291,0.16552482852866734,0.1655974612019735,0.1661816450949304,0.22752802673918082,0.0002048242017731106,0.0005924104452279735,0.0002041269596270028,0.00020890111304463618,32.0,2.0,34.0,68.0,4.25
student_t_df3,1024,64,8,635416609,Q8_KV3,3,FP16,token64,64,0.3587112609247867,0.5383596141157904,0.877352886069634,-0.0032957400264830533,-0.02356680690891928,0.35922568802182625,0.35933579765452395,0.3587100229853063,0.538352414738583,0.00021284430604383511,0.0006470479380973269,0.0002122956607140059,0.0002120026743267689,24.0,2.0,26.0,52.0,3.25
student_t_df3,2048,64,4,1496681395,FP_reference,FP,none,none,64,0.0,0.0,1.0,0.0,0.0,0.0,0.0,0.0,0.0,0.0,0.0,0.0,0.0,128.0,0.0,128.0,256.0,16.0
student_t_df3,2048,64,4,1496681395,Q8_FP_KV,FP,none,none,64,0.008757453993051388,0.008537688055387781,0.9999666946136057,6.303906209100914e-05,-0.00020590318557774516,0.0,0.0,0.008757453993051388,0.008537688055387781,0.0,0.0,0.0,0.0,128.0,0.0,128.0,256.0,16.0
student_t_df3,2048,64,4,1496681395,Q8_KV8,8,FP16,token64,64,0.012660722581987475,0.014912134531489167,0.9998909162697169,-5.202304632155751e-05,0.0003122369958569968,0.00928619329217012,0.009188764852116766,0.01266050579472736,0.014918459794641223,0.00020244249978553994,0.0004768726276895178,0.00020170295543462145,0.000201759267905025,64.0,2.0,66.0,132.0,8.25
student_t_df3,2048,64,4,1496681395,Q8_KV5,5,FP16,token64,64,0.07903142551958883,0.12801562798220437,0.9919883439333662,-0.0003531805511366188,-0.0071328489548853555,0.07851622152249792,0.07763178887839683,0.07903516536338927,0.1280448708789296,0.00020500543015494803,0.0005648187474066551,0.00020279416337456663,0.0002008999748049414,40.0,2.0,42.0,84.0,5.25
student_t_df3,2048,64,4,1496681395,Q8_KV4,4,FP16,token64,64,0.1658283169353002,0.23708433456234376,0.9716131482774568,-0.0014193129995692506,0.008062882018079318,0.166278337096398,0.16486404589896514,0.16582772284591385,0.23707155754341314,0.0002046295299892069,0.0005088024119138782,0.00020643260671594841,0.0002067245562766155,32.0,2.0,34.0,68.0,4.25
student_t_df3,2048,64,4,1496681395,Q8_KV3,3,FP16,token64,64,0.35483187105877845,0.5048571707821009,0.889219404461558,-0.0019077038452546592,-0.001938603403341957,0.3599504957552606,0.35779210305121717,0.3548331602795694,0.5048699562582918,0.00021146979014253638,0.0005182662426418936,0.00021227588161128397,0.0002129287732147326,24.0,2.0,26.0,52.0,3.25
student_t_df3,4096,64,4,3368285290,FP_reference,FP,none,none,64,0.0,0.0,1.0,0.0,0.0,0.0,0.0,0.0,0.0,0.0,0.0,0.0,0.0,128.0,0.0,128.0,256.0,16.0
student_t_df3,4096,64,4,3368285290,Q8_FP_KV,FP,none,none,64,0.009244381937717684,0.007284392108202179,0.9999767950329927,-2.86235668822493e-05,-0.0006832660094630092,0.0,0.0,0.009244381937717684,0.007284392108202179,0.0,0.0,0.0,0.0,128.0,0.0,128.0,256.0,16.0
student_t_df3,4096,64,4,3368285290,Q8_KV8,8,FP16,token64,64,0.013062619920211212,0.014642183893827865,0.9998925432730195,-6.598489091771173e-05,-0.0008162457536625355,0.009263250056547658,0.009213309988302889,0.013061605563941732,0.014725572996311108,0.00020387256228975506,0.0006967972583650145,0.0002028023778564909,0.00020312754975465727,64.0,2.0,66.0,132.0,8.25
student_t_df3,4096,64,4,3368285290,Q8_KV5,5,FP16,token64,64,0.07799397650516832,0.11932022202960185,0.9931841589468449,-0.000522444760349228,-0.00012998806596986864,0.07833575642542773,0.0778696125187005,0.07799229544368516,0.11925419934236442,0.00020240844669218425,0.00059057906809417,0.00020249118778875312,0.00020316222618875949,40.0,2.0,42.0,84.0,5.25
student_t_df3,4096,64,4,3368285290,Q8_KV4,4,FP16,token64,64,0.16531804663913277,0.24290655482478266,0.9721205601738159,0.0008789169286679228,-0.001904444952417748,0.16585056619455696,0.1652003396639504,0.16531867342353387,0.24288988949485849,0.00020796942360789788,0.0006905924212138564,0.0002081117767038334,0.00020561062889953198,32.0,2.0,34.0,68.0,4.25
student_t_df3,4096,64,4,3368285290,Q8_KV3,3,FP16,token64,64,0.356683087170755,0.5614959328411783,0.8946799705382343,9.24843757925594e-05,0.022744752540700772,0.3593323718661577,0.35873827293978594,0.3566816882627698,0.5614652328846149,0.00021259768833054276,0.0006829547281861702,0.00021296575041311017,0.00021152759177231709,24.0,2.0,26.0,52.0,3.25
sparse_outliers_0p1pct_x25,128,64,32,2535115307,FP_reference,FP,none,none,64,0.0,0.0,1.0,0.0,0.0,0.0,0.0,0.0,0.0,0.0,0.0,0.0,0.0,128.0,0.0,128.0,256.0,16.0
sparse_outliers_0p1pct_x25,128,64,32,2535115307,Q8_FP_KV,FP,none,none,64,0.006775735388463846,0.006171667839402373,0.9999814325902094,-9.794402425937886e-05,-3.793254353523381e-05,0.0,0.0,0.006775735388463846,0.006171667839402373,0.0,0.0,0.0,0.0,128.0,0.0,128.0,256.0,16.0
sparse_outliers_0p1pct_x25,128,64,32,2535115307,Q8_KV8,8,FP16,token64,64,0.009706198655215258,0.011030131808165144,0.9999399456349715,-0.00015911741629421063,0.0003388277925330222,0.006874470359133954,0.00688343768274679,0.009705549396203978,0.011034647211678645,0.0002194229257954486,0.0004378357228262435,0.00021648125174081898,0.00021437333779041938,64.0,2.0,66.0,132.0,8.25
sparse_outliers_0p1pct_x25,128,64,32,2535115307,Q8_KV5,5,FP16,token64,64,0.057628273940205504,0.07854342534316096,0.9968257649861599,0.00030914971487516367,0.003255659224123333,0.057853090695371444,0.05796391734231475,0.05763195219451471,0.07852763612115381,0.0002104125544387957,0.0004426635529442883,0.00021055817067015394,0.0002086619281666196,40.0,2.0,42.0,84.0,5.25
sparse_outliers_0p1pct_x25,128,64,32,2535115307,Q8_KV4,4,FP16,token64,64,0.11817089142636111,0.15736960241338896,0.9873273742734435,0.00047639612691988316,0.0009807344217548375,0.11936991958843221,0.12053332256420295,0.11816896431994052,0.15735050652901372,0.00019505222687306523,0.00042073312888295196,0.00019920050894264583,0.00019741343755894905,32.0,2.0,34.0,68.0,4.25
sparse_outliers_0p1pct_x25,128,64,32,2535115307,Q8_KV3,3,FP16,token64,64,0.2559079881302079,0.34300854777395645,0.9435075942649149,-0.0016056714424512526,-0.006630904321294918,0.25858493508580305,0.26180963726343864,0.2559123667839064,0.3430848897016337,0.00018675490051511896,0.00041924850097243925,0.0001864728970196067,0.0001887360414833447,24.0,2.0,26.0,52.0,3.25
sparse_outliers_0p1pct_x25,256,64,32,1481893800,FP_reference,FP,none,none,64,0.0,0.0,1.0,0.0,0.0,0.0,0.0,0.0,0.0,0.0,0.0,0.0,0.0,128.0,0.0,128.0,256.0,16.0
sparse_outliers_0p1pct_x25,256,64,32,1481893800,Q8_FP_KV,FP,none,none,64,0.005809521230615443,0.005784294465150009,0.9999833132430942,-4.6036465507421494e-05,4.154596848978123e-05,0.0,0.0,0.005809521230615443,0.005784294465150009,0.0,0.0,0.0,0.0,128.0,0.0,128.0,256.0,16.0
sparse_outliers_0p1pct_x25,256,64,32,1481893800,Q8_KV8,8,FP16,token64,64,0.008862063611228908,0.011239101608477941,0.9999366512026655,-9.874137619750042e-05,0.00010161109866769336,0.006850423861971055,0.006908959530603914,0.008860374940331617,0.01124536032392884,0.0002181222487115872,0.0005163776435980422,0.00021631124499409303,0.00021673491595365713,64.0,2.0,66.0,132.0,8.25
sparse_outliers_0p1pct_x25,256,64,32,1481893800,Q8_KV5,5,FP16,token64,64,0.058154076462866224,0.08365741873857085,0.9965019166636548,0.0007062161471780128,-0.0019224620290023526,0.05773156671904005,0.05798346855807963,0.0581524303581588,0.08368205725480726,0.00020984292078890228,0.00045106700261311446,0.00021185782510793044,0.00020937006619303308,40.0,2.0,42.0,84.0,5.25
sparse_outliers_0p1pct_x25,256,64,32,1481893800,Q8_KV4,4,FP16,token64,64,0.1179308103095935,0.16783932141934246,0.986485344109022,7.840243692819878e-05,-0.0034179729555148873,0.11910218237036942,0.11966326357357877,0.11793280069227559,0.16784174624033193,0.00019908152437799829,0.000459764160248087,0.00019878917600745186,0.0001978243792042065,32.0,2.0,34.0,68.0,4.25
sparse_outliers_0p1pct_x25,256,64,32,1481893800,Q8_KV3,3,FP16,token64,64,0.2552520236912786,0.36585758160941495,0.935057916755669,0.004968099781070286,-0.00998081355012308,0.2594709941437595,0.26045172278964224,0.2552479077359584,0.3658633384765118,0.00019087093006370885,0.000411786418245743,0.00018922685039317796,0.00018595607691666605,24.0,2.0,26.0,52.0,3.25
sparse_outliers_0p1pct_x25,512,64,16,2100539972,FP_reference,FP,none,none,64,0.0,0.0,1.0,0.0,0.0,0.0,0.0,0.0,0.0,0.0,0.0,0.0,0.0,128.0,0.0,128.0,256.0,16.0
sparse_outliers_0p1pct_x25,512,64,16,2100539972,Q8_FP_KV,FP,none,none,64,0.007004864483180136,0.006569252868743729,0.9999793743482809,-3.9807436318623355e-05,0.00030358772957848223,0.0,0.0,0.007004864483180136,0.006569252868743729,0.0,0.0,0.0,0.0,128.0,0.0,128.0,256.0,16.0
sparse_outliers_0p1pct_x25,512,64,16,2100539972,Q8_KV8,8,FP16,token64,64,0.00981582364077007,0.012254979637600867,0.9999258716052108,-0.00013300966717143042,-8.276926418992518e-05,0.006837683849781902,0.006861085589461046,0.0098174261968196,0.01224551820229636,0.00021600764728547418,0.0004777826419580799,0.00021571073196933088,0.00021509669939544048,64.0,2.0,66.0,132.0,8.25
sparse_outliers_0p1pct_x25,512,64,16,2100539972,Q8_KV5,5,FP16,token64,64,0.0581792515693144,0.08707516094724281,0.9964090343104255,-0.0005488920643035493,-0.000514118304201743,0.057543474416390655,0.05767795372517582,0.05817748205984448,0.08709344000444788,0.000210232835287018,0.0004610856344376398,0.0002096535278507223,0.00020970343901886588,40.0,2.0,42.0,84.0,5.25
sparse_outliers_0p1pct_x25,512,64,16,2100539972,Q8_KV4,4,FP16,token64,64,0.12071831337187669,0.17320293992635744,0.9852889018912399,0.00033741635676394325,0.0008216745767357998,0.11891615123223138,0.1191306341225193,0.12071953095543063,0.17320397561766854,0.00019786630145164448,0.0004078339705659886,0.00019870834760531326,0.00019979386040629239,32.0,2.0,34.0,68.0,4.25
sparse_outliers_0p1pct_x25,512,64,16,2100539972,Q8_KV3,3,FP16,token64,64,0.2656884995643815,0.3728486097846955,0.9359389007436936,-0.002284603666030237,0.021117340832297174,0.25993427476640124,0.2602887937362935,0.26569050568929,0.3728388879312162,0.00018555536332238534,0.00040091549681879347,0.00018665003211063282,0.00018713941450166746,24.0,2.0,26.0,52.0,3.25
sparse_outliers_0p1pct_x25,1024,64,8,2679848638,FP_reference,FP,none,none,64,0.0,0.0,1.0,0.0,0.0,0.0,0.0,0.0,0.0,0.0,0.0,0.0,0.0,128.0,0.0,128.0,256.0,16.0
sparse_outliers_0p1pct_x25,1024,64,8,2679848638,Q8_FP_KV,FP,none,none,64,0.008273330307375601,0.008498423054215302,0.999964331917601,0.0002059868369897268,0.0003355594349257117,0.0,0.0,0.008273330307375601,0.008498423054215302,0.0,0.0,0.0,0.0,128.0,0.0,128.0,256.0,16.0
sparse_outliers_0p1pct_x25,1024,64,8,2679848638,Q8_KV8,8,FP16,token64,64,0.010741360573217649,0.013270297088755748,0.9999109380445509,0.00025972864391298487,0.00019293766799915603,0.006865932140101896,0.006884485336388133,0.010738640774741353,0.01325020374420503,0.00021586738707332604,0.00046158275361010443,0.000217599697846213,0.0002153346309753235,64.0,2.0,66.0,132.0,8.25
sparse_outliers_0p1pct_x25,1024,64,8,2679848638,Q8_KV5,5,FP16,token64,64,0.05937828714072505,0.08010808227718515,0.9968162570023568,0.0006236479483431603,-0.0006857102399275794,0.057791369005420735,0.05777811435274332,0.05938290708383871,0.08014451598391498,0.00021181859795616414,0.0004826886701487582,0.00021112728366381704,0.0002104519934615356,40.0,2.0,42.0,84.0,5.25
sparse_outliers_0p1pct_x25,1024,64,8,2679848638,Q8_KV4,4,FP16,token64,64,0.12157022020585749,0.1692931940132716,0.986029696630769,-0.0005075183851097406,-0.0022751507368510534,0.11918010781286167,0.11901923487761086,0.12156534617569076,0.16931595842837766,0.00019684846901163962,0.0004693900602644027,0.00019848671707689263,0.0001980478358832054,32.0,2.0,34.0,68.0,4.25
sparse_outliers_0p1pct_x25,1024,64,8,2679848638,Q8_KV3,3,FP16,token64,64,0.2629630447729212,0.3897760202743036,0.9353031553427031,0.0024465088483721586,0.0195417707974202,0.2595956653945923,0.2600464881308592,0.2629605254680762,0.3897652043707,0.00018875812538340494,0.00044202646130939784,0.0001859032901399946,0.00018664174212037858,24.0,2.0,26.0,52.0,3.25
sparse_outliers_0p1pct_x25,2048,64,4,2982427205,FP_reference,FP,none,none,64,0.0,0.0,1.0,0.0,0.0,0.0,0.0,0.0,0.0,0.0,0.0,0.0,0.0,128.0,0.0,128.0,256.0,16.0
sparse_outliers_0p1pct_x25,2048,64,4,2982427205,Q8_FP_KV,FP,none,none,64,0.00970615835215646,0.0036985544292173706,0.9999883506255015,0.0003096323429024905,0.0005594558230515921,0.0,0.0,0.00970615835215646,0.0036985544292173706,0.0,0.0,0.0,0.0,128.0,0.0,128.0,256.0,16.0
sparse_outliers_0p1pct_x25,2048,64,4,2982427205,Q8_KV8,8,FP16,token64,64,0.012005620702308513,0.007575419348108891,0.9999457593293385,0.00041907291277585505,5.220082752107201e-05,0.00681319117745243,0.006855503411476804,0.011999526427274728,0.0076888443876377156,0.00021529250375209056,0.0010780062074818232,0.0002153099909135103,0.000216600177732479,64.0,2.0,66.0,132.0,8.25
sparse_outliers_0p1pct_x25,2048,64,4,2982427205,Q8_KV5,5,FP16,token64,64,0.05910078037304068,0.05752600247436085,0.997222395670988,0.00030272417033615743,0.002123486525792447,0.05741667469206322,0.05761976538156353,0.059098334261578685,0.057445616459265256,0.00020973363891556402,0.00044314465507783564,0.00021040076505902285,0.00020686922560314946,40.0,2.0,42.0,84.0,5.25
sparse_outliers_0p1pct_x25,2048,64,4,2982427205,Q8_KV4,4,FP16,token64,64,0.1196709649812666,0.10740842546032388,0.9888293690215675,-0.002465618631437326,0.0063205476281653706,0.11874423237544388,0.11927558073617138,0.1196723695919809,0.10741320065080012,0.00019792871693806758,0.00029428560999962485,0.00019839319649902988,0.0001967434446489169,32.0,2.0,34.0,68.0,4.25
sparse_outliers_0p1pct_x25,2048,64,4,2982427205,Q8_KV3,3,FP16,token64,64,0.2616546740928875,0.25810891087190124,0.941878024035363,-0.0008926770661360309,-0.014412275541509941,0.2597430503573567,0.2596672931950233,0.2616514023862145,0.25807962333268186,0.00018868126322287986,0.0006403350632643842,0.00018862828645080712,0.00018827040753941802,24.0,2.0,26.0,52.0,3.25
sparse_outliers_0p1pct_x25,4096,64,4,2254661580,FP_reference,FP,none,none,64,0.0,0.0,1.0,0.0,0.0,0.0,0.0,0.0,0.0,0.0,0.0,0.0,0.0,128.0,0.0,128.0,256.0,16.0
sparse_outliers_0p1pct_x25,4096,64,4,2254661580,Q8_FP_KV,FP,none,none,64,0.006398405846523098,0.006167993832887534,0.999981331749151,5.464051158944761e-05,0.0003470157264612997,0.0,0.0,0.006398405846523098,0.006167993832887534,0.0,0.0,0.0,0.0,128.0,0.0,128.0,256.0,16.0
sparse_outliers_0p1pct_x25,4096,64,4,2254661580,Q8_KV8,8,FP16,token64,64,0.009565667225998024,0.011739619526438722,0.9999313993048053,8.04591526906575e-05,0.00109132355783742,0.006889703344291197,0.006825555130515244,0.009565680077758086,0.011708413005377706,0.00021339921503627798,0.0005087884989735928,0.00021521772320830647,0.00021609199886478596,64.0,2.0,66.0,132.0,8.25
sparse_outliers_0p1pct_x25,4096,64,4,2254661580,Q8_KV5,5,FP16,token64,64,0.058636721259242776,0.08737837076581352,0.9962638931346922,-0.0003696203333943025,-0.00366259751224775,0.05792436286067628,0.05738179085443485,0.05863600425753238,0.08732979262332607,0.00020934127953845254,0.000514299793975658,0.0002092311925630834,0.00020822315418391005,40.0,2.0,42.0,84.0,5.25
sparse_outliers_0p1pct_x25,4096,64,4,2254661580,Q8_KV4,4,FP16,token64,64,0.1198046330627853,0.17593627111314067,0.9856946508199563,-0.0004242240873611078,0.009074222590935403,0.11927516872086306,0.11871723160681938,0.11980553679944032,0.1759489894541314,0.00019744345311804406,0.0004752880486693794,0.0001966801115399107,0.00019814358484487545,32.0,2.0,34.0,68.0,4.25
sparse_outliers_0p1pct_x25,4096,64,4,2254661580,Q8_KV3,3,FP16,token64,64,0.2587793424642866,0.42701198452794753,0.917045390378137,-0.0018948595741588453,0.026307107348729823,0.2596531177441805,0.2599323079319251,0.25877903989409756,0.4270602458539707,0.00018548615200195676,0.00044862262171239893,0.00018688040410788087,0.00018813861894792248,24.0,2.0,26.0,52.0,3.25
outliers_1pct_x10,128,64,32,4277031275,FP_reference,FP,none,none,64,0.0,0.0,1.0,0.0,0.0,0.0,0.0,0.0,0.0,0.0,0.0,0.0,0.0,128.0,0.0,128.0,256.0,16.0
outliers_1pct_x10,128,64,32,4277031275,Q8_FP_KV,FP,none,none,64,0.009878279183039664,0.0051170867517542915,0.999968970596414,3.5793452093645846e-05,-1.4923546573863503e-05,0.0,0.0,0.009878279183039664,0.0051170867517542915,0.0,0.0,0.0,0.0,128.0,0.0,128.0,256.0,16.0
outliers_1pct_x10,128,64,32,4277031275,Q8_KV8,8,FP16,token64,64,0.013751218002229322,0.010645603892583228,0.9998848527380126,-7.890073200474034e-05,-0.0002197688967578975,0.009473720088785961,0.009420416032745403,0.013758067864248786,0.010676164284434554,0.00020700971024858772,0.00042092600384654175,0.00020779263713045995,0.00021159599942663146,64.0,2.0,66.0,132.0,8.25
outliers_1pct_x10,128,64,32,4277031275,Q8_KV5,5,FP16,token64,64,0.08163292646319271,0.07757720038565337,0.9944850472181473,-0.0023370694124218204,-0.00414333403999467,0.08010546298186928,0.07960858202608975,0.08162833166641253,0.07754964222387505,0.00020069209986476493,0.00028498676360571494,0.00019906368055661876,0.00020272442188698297,40.0,2.0,42.0,84.0,5.25
outliers_1pct_x10,128,64,32,4277031275,Q8_KV4,4,FP16,token64,64,0.17314629176802096,0.1692666462751254,0.9751031056331445,0.0040817065449340415,0.005377592176521917,0.16939212549945515,0.16809085320612027,0.17314675906305269,0.16927209441156105,0.00020047815023844218,0.0003204888053683808,0.00019999133454385684,0.0001973592408410224,32.0,2.0,34.0,68.0,4.25
outliers_1pct_x10,128,64,32,4277031275,Q8_KV3,3,FP16,token64,64,0.3426706051105816,0.3247790086984802,0.9102912449066992,-0.005670737822864649,0.002387837264238374,0.34192327781338144,0.3391761217972299,0.34267284965100087,0.3246829708491002,0.00019876548221644258,0.0005940792599028075,0.00019587127007870787,0.0001945540983232701,24.0,2.0,26.0,52.0,3.25
outliers_1pct_x10,256,64,32,1111326100,FP_reference,FP,none,none,64,0.0,0.0,1.0,0.0,0.0,0.0,0.0,0.0,0.0,0.0,0.0,0.0,0.0,128.0,0.0,128.0,256.0,16.0
outliers_1pct_x10,256,64,32,1111326100,Q8_FP_KV,FP,none,none,64,0.007812960491197103,0.0063677049627244,0.9999750039307115,-9.581581254448398e-05,-0.00024893040975702065,0.0,0.0,0.007812960491197103,0.0063677049627244,0.0,0.0,0.0,0.0,128.0,0.0,128.0,256.0,16.0
outliers_1pct_x10,256,64,32,1111326100,Q8_KV8,8,FP16,token64,64,0.012292018101017408,0.014552113115505845,0.9998932577271016,-0.00015216215946828917,-0.0003448020227930715,0.00941068650559318,0.009427136461832963,0.012291964308815366,0.014569249884934446,0.00020766209016326054,0.0005133270816187234,0.0002078144975166962,0.00020817159255788424,64.0,2.0,66.0,132.0,8.25
outliers_1pct_x10,256,64,32,1111326100,Q8_KV5,5,FP16,token64,64,0.08077910245325512,0.11995295990068357,0.9936326777829209,0.0008693629416266842,0.0021640312399038085,0.0796313552370505,0.07966814173706427,0.08078077159788893,0.11993515104457235,0.00020469513994467284,0.00045820787849952413,0.00020206504456197975,0.00020028633436398215,40.0,2.0,42.0,84.0,5.25
outliers_1pct_x10,256,64,32,1111326100,Q8_KV4,4,FP16,token64,64,0.17408696312620858,0.24837743811093543,0.9735696009002668,0.0009766019157508921,0.0031412830857452515,0.1683874716266793,0.16808565092426875,0.17408793995015417,0.2484286406114913,0.00019895844190504205,0.00048733327926165417,0.00019904359354557422,0.0001987168065595986,32.0,2.0,34.0,68.0,4.25
outliers_1pct_x10,256,64,32,1111326100,Q8_KV3,3,FP16,token64,64,0.3432237687316174,0.4366830505562801,0.9007426307989649,-0.0014005530781426919,0.006898580522714622,0.3404224924270759,0.33997709434481843,0.34322466351851827,0.4367407238901039,0.00020007111631695253,0.00081107315948285,0.00019817644741641421,0.00019791833381357633,24.0,2.0,26.0,52.0,3.25
outliers_1pct_x10,512,64,16,1705945749,FP_reference,FP,none,none,64,0.0,0.0,1.0,0.0,0.0,0.0,0.0,0.0,0.0,0.0,0.0,0.0,0.0,128.0,0.0,128.0,256.0,16.0
outliers_1pct_x10,512,64,16,1705945749,Q8_FP_KV,FP,none,none,64,0.011428970442392562,0.005996743841807768,0.9999604092168513,6.38508091582337e-05,-5.669130466626242e-05,0.0,0.0,0.011428970442392562,0.005996743841807768,0.0,0.0,0.0,0.0,128.0,0.0,128.0,256.0,16.0
outliers_1pct_x10,512,64,16,1705945749,Q8_KV8,8,FP16,token64,64,0.01491569142818324,0.012034948723707705,0.9998877526433858,9.02833845502363e-06,-5.729677520793338e-05,0.00941258207703221,0.009394698437703389,0.014913384740642927,0.011843513969691244,0.0002090917136038406,0.0007056667856334349,0.00020849343070572,0.00020933658013766636,64.0,2.0,66.0,132.0,8.25
outliers_1pct_x10,512,64,16,1705945749,Q8_KV5,5,FP16,token64,64,0.0799441869115489,0.08302527947947354,0.9938345790553978,-0.0005332457055330432,-0.0004264444224997508,0.07971238405146831,0.07947006760346025,0.07994457987940767,0.08317481657825113,0.00019956337374293307,0.0006242272298926569,0.00020022919707694142,0.00020218300498162526,40.0,2.0,42.0,84.0,5.25
outliers_1pct_x10,512,64,16,1705945749,Q8_KV4,4,FP16,token64,64,0.1692435988396678,0.2566314149483289,0.9746877385037019,0.003191983520181642,-0.0015075735328287149,0.16855057053917344,0.16796586880420336,0.16924658308709645,0.2570997309678609,0.0001999804995794081,0.0008565442176816966,0.0001983322697928014,0.0001974694335166013,32.0,2.0,34.0,68.0,4.25
outliers_1pct_x10,512,64,16,1705945749,Q8_KV3,3,FP16,token64,64,0.33983924234415885,0.36065130901670034,0.9045542921712659,-0.0006189378721508736,-0.0037784989472713294,0.3404905237393646,0.33936576165146304,0.33984117152191756,0.36044413384037954,0.00019397610706304536,0.0009591526837789692,0.0001954208150406858,0.00019702532640972103,24.0,2.0,26.0,52.0,3.25
outliers_1pct_x10,1024,64,8,3018058170,FP_reference,FP,none,none,64,0.0,0.0,1.0,0.0,0.0,0.0,0.0,0.0,0.0,0.0,0.0,0.0,0.0,128.0,0.0,128.0,256.0,16.0
outliers_1pct_x10,1024,64,8,3018058170,Q8_FP_KV,FP,none,none,64,0.011348692887048132,0.005473310524834016,0.9999836798503272,1.5349247352685163e-05,2.8389070185338914e-05,0.0,0.0,0.011348692887048132,0.005473310524834016,0.0,0.0,0.0,0.0,128.0,0.0,128.0,256.0,16.0
outliers_1pct_x10,1024,64,8,3018058170,Q8_KV8,8,FP16,token64,64,0.014941478069563913,0.012462256415518529,0.9999001207913778,-0.00010940290456033089,0.00038699787167449255,0.009477740393091093,0.009436498528905652,0.014940209325483674,0.01278036027902895,0.00020917106697629438,0.0012258959517818927,0.00020856695206803428,0.00020925513887566782,64.0,2.0,66.0,132.0,8.25
outliers_1pct_x10,1024,64,8,3018058170,Q8_KV5,5,FP16,token64,64,0.08229345978590472,0.09785772950668639,0.9938575846133688,0.0008753835015818414,-0.0019752786707616945,0.08025437528743559,0.07974085082514953,0.08229287613866948,0.09776131678472769,0.00020106291076472656,0.0008381777315661102,0.00020223462976992415,0.00020105455711521314,40.0,2.0,42.0,84.0,5.25
outliers_1pct_x10,1024,64,8,3018058170,Q8_KV4,4,FP16,token64,64,0.16967054460623346,0.1819545721883011,0.9754733159179318,-2.9410087942921772e-05,-0.012858245318901954,0.16982213715690153,0.16858585315738558,0.16966747369604074,0.1819744997217365,0.00019642685586509774,0.0008116964738408509,0.00019772542603989864,0.00019852021730229068,32.0,2.0,34.0,68.0,4.25
outliers_1pct_x10,1024,64,8,3018058170,Q8_KV3,3,FP16,token64,64,0.34651098252013635,0.3674111728968596,0.918508433577004,0.0020527189585400345,-0.0017892726115306748,0.3412434977988048,0.34058892424941256,0.34651508603772607,0.36739922777651923,0.00019943037415377448,0.0010299551237729389,0.00019769690812716244,0.00019651108439469698,24.0,2.0,26.0,52.0,3.25
outliers_1pct_x10,2048,64,4,1878021013,FP_reference,FP,none,none,64,0.0,0.0,1.0,0.0,0.0,0.0,0.0,0.0,0.0,0.0,0.0,0.0,0.0,128.0,0.0,128.0,256.0,16.0
outliers_1pct_x10,2048,64,4,1878021013,Q8_FP_KV,FP,none,none,64,0.008400549152292084,0.007773286760807788,0.9999799778108245,-4.480071131928871e-05,0.00046704211567905697,0.0,0.0,0.008400549152292084,0.007773286760807788,0.0,0.0,0.0,0.0,128.0,0.0,128.0,256.0,16.0
outliers_1pct_x10,2048,64,4,1878021013,Q8_KV8,8,FP16,token64,64,0.012823867888696612,0.014776309336132179,0.9998979361966627,-0.0001397963875361137,0.0017378072408219699,0.00944669484838021,0.00942104255943151,0.012821892313841858,0.015297061009242136,0.00020786919239075785,0.0007647044194650028,0.00020857940861956253,0.000207329124704445,64.0,2.0,66.0,132.0,8.25
outliers_1pct_x10,2048,64,4,1878021013,Q8_KV5,5,FP16,token64,64,0.08112141420929889,0.1334636037804486,0.9941287637851745,-0.0002589099637303528,-0.01258079089268723,0.08005614593748363,0.07969488456053808,0.08112487638592568,0.133875387989034,0.0002022782500288965,0.0007883108325227691,0.00020170475447352048,0.00020122223947762125,40.0,2.0,42.0,84.0,5.25
outliers_1pct_x10,2048,64,4,1878021013,Q8_KV4,4,FP16,token64,64,0.1728544313441103,0.2216789099444978,0.972941249901324,0.00041546534236976395,0.01167609130000138,0.16909441597141436,0.16847445364494215,0.17285594209319913,0.22199694596653025,0.0001995605067429499,0.000955402408519381,0.00019971668216305557,0.00019875171155042543,32.0,2.0,34.0,68.0,4.25
outliers_1pct_x10,2048,64,4,1878021013,Q8_KV3,3,FP16,token64,64,0.34343552246810843,0.3791375714673417,0.9158873289847346,0.0032535473147896395,0.028792313082397762,0.3394425678038142,0.3413353475638878,0.3434340784608253,0.3793203675203508,0.0001963909509372614,0.0007415377846508874,0.0001968817572563614,0.00019844633529563155,24.0,2.0,26.0,52.0,3.25
outliers_1pct_x10,4096,64,4,1318233436,FP_reference,FP,none,none,64,0.0,0.0,1.0,0.0,0.0,0.0,0.0,0.0,0.0,0.0,0.0,0.0,0.0,128.0,0.0,128.0,256.0,16.0
outliers_1pct_x10,4096,64,4,1318233436,Q8_FP_KV,FP,none,none,64,0.005205784990913608,0.005122048932260254,0.9999869866544183,1.7111101327300462e-05,0.00027098905487398054,0.0,0.0,0.005205784990913608,0.005122048932260254,0.0,0.0,0.0,0.0,128.0,0.0,128.0,256.0,16.0
outliers_1pct_x10,4096,64,4,1318233436,Q8_KV8,8,FP16,token64,64,0.010682708043432626,0.014274074720950434,0.9999004156656179,-4.784990606741199e-05,0.00031416269184836375,0.009431091462142977,0.009493443864495337,0.010679038471756604,0.014223362293373065,0.00020914963015205133,0.0005185078067284148,0.00020787660177434684,0.0002068407595271837,64.0,2.0,66.0,132.0,8.25
outliers_1pct_x10,4096,64,4,1318233436,Q8_KV5,5,FP16,token64,64,0.08053860279068176,0.11593717499668202,0.993373040542495,-0.0009217844734044416,-0.005024101037145029,0.07976692333320191,0.08034157822515249,0.08053824222719395,0.11592734534157964,0.00019984747349287616,0.0004941803947894051,0.00020096996218537416,0.00020164030771948265,40.0,2.0,42.0,84.0,5.25
outliers_1pct_x10,4096,64,4,1318233436,Q8_KV4,4,FP16,token64,64,0.16857220629061753,0.2436389037244884,0.9720067512438564,0.0008181110590520644,0.01121062534754557,0.1685558839377357,0.16940683560443692,0.16856952830491606,0.24357683855392492,0.00019756341790880727,0.0004594830545958342,0.0001980909095582961,0.0001980955436843974,32.0,2.0,34.0,68.0,4.25
outliers_1pct_x10,4096,64,4,1318233436,Q8_KV3,3,FP16,token64,64,0.3405407789754012,0.4658498867682224,0.8991532574648673,0.0031267795012964723,0.025474819621077102,0.34105408013792415,0.3419601293593691,0.34053890669036724,0.4658679730116137,0.0001964555679730974,0.0004511778769974611,0.00019598875688422743,0.00019570245083261182,24.0,2.0,26.0,52.0,3.25
